Stephanie Martinez,2002-07-18,pyauto0@yopmail.com,,735-070-3726x49154,paid
Nathan King,2007-08-22,pyauto1@yopmail.com,,,paid
Nancy Rodriguez,2013-09-22,pyauto2@yopmail.com,,(694)611-1603x1700,paid
Anne Thomas,2000-08-11,pyauto3@yopmail.com,Andersonmouth,,paid
Vincent Scott,2005-11-19,pyauto4@yopmail.com,,918.949.0754,paid
Martha Herrera,2015-06-22,pyauto5@yopmail.com,,191-702-9188,paid
Sarah Gardner,2010-04-19,pyauto6@yopmail.com,Catherinemouth,,paid
Nicole Patterson,1998-03-27,pyauto7@yopmail.com,,,unpaid
George Bauer,1994-08-20,pyauto8@yopmail.com,Rowlandview,(767)630-5622,unpaid
Amanda Murphy,2004-05-14,pyauto9@yopmail.com,,(178)007-3726,paid
Megan Williams,1980-06-17,pyauto10@yopmail.com,West Andrea,,paid
Jason Kline,2007-04-13,pyauto11@yopmail.com,,,paid
Leah Odom,1991-10-19,pyauto12@yopmail.com,,,paid
Brittany Warren,1992-01-02,pyauto13@yopmail.com,,,paid
Susan Williamson,2018-03-26,pyauto14@yopmail.com,,(224)160-4806x16795,unpaid
Ronald Herman,2001-01-25,pyauto15@yopmail.com,Robertsonshire,,paid
Jason Lara,1985-12-19,pyauto16@yopmail.com,,+1-980-913-6017x9706,paid
Alex Choi,1977-10-11,pyauto17@yopmail.com,Patrickshire,,paid
Victoria Huff,1971-04-03,pyauto18@yopmail.com,Hillside,,paid
Michelle Davis,1982-10-27,pyauto19@yopmail.com,Keithmouth,471-514-0814x033,unpaid
Juan Bryant,2009-03-30,pyauto20@yopmail.com,West Justinmouth,,paid
Lori Miller,2001-11-16,pyauto21@yopmail.com,,1845917354,paid
Hector Williams,1972-11-27,pyauto22@yopmail.com,,,paid
Christopher Conrad,1991-05-14,pyauto23@yopmail.com,,629-112-0555,unpaid
Stephanie Henson,1990-07-30,pyauto24@yopmail.com,Beckyville,,unpaid
David Adkins IV,2019-04-22,pyauto25@yopmail.com,,,unpaid
Amy Hernandez,1975-03-03,pyauto26@yopmail.com,,001-993-015-7617x178,paid
David Curtis,2016-09-07,pyauto27@yopmail.com,,+1-937-812-9054x4169,paid
Darrell Anderson,1984-09-16,pyauto28@yopmail.com,,145.914.1981,paid
James Peters,1985-03-21,pyauto29@yopmail.com,Molinaton,,paid
Terrence Carey,2014-06-04,pyauto30@yopmail.com,,,paid
Lydia Bell,1991-10-23,pyauto31@yopmail.com,,001-090-815-6306x80669,unpaid
Christopher Leonard,1999-09-30,pyauto32@yopmail.com,,,unpaid
Jennifer Brown,1980-05-22,pyauto33@yopmail.com,,,paid
George Horn,2009-09-17,pyauto34@yopmail.com,,001-553-969-1562x623,paid
Amanda Bradley,1971-08-14,pyauto35@yopmail.com,,,unpaid
Heather Gonzalez,1981-09-12,pyauto36@yopmail.com,,,paid
Philip Butler,1982-03-27,pyauto37@yopmail.com,Dennisview,,unpaid
Stephanie Collins,2008-10-16,pyauto38@yopmail.com,,,paid
Jennifer Forbes,2009-01-11,pyauto39@yopmail.com,Armstronghaven,,paid
Stephanie Dawson,2011-12-02,pyauto40@yopmail.com,,,paid
Ashley Wang,1982-11-04,pyauto41@yopmail.com,,(699)893-4631,unpaid
Dorothy Smith,2005-04-12,pyauto42@yopmail.com,,,unpaid
Heather Jenkins,1997-02-01,pyauto43@yopmail.com,,,unpaid
Kaylee Nichols,2013-11-04,pyauto44@yopmail.com,,,paid
Amanda Cross,1989-12-13,pyauto45@yopmail.com,,902.436.4221x948,paid
Christina White,1992-11-11,pyauto46@yopmail.com,,001-458-055-4680x5593,paid
Tiffany Berg,2001-12-13,pyauto47@yopmail.com,Wrightburgh,262-742-1926,paid
Christina Mercado,2006-06-23,pyauto48@yopmail.com,,314.870.0468,unpaid
Cassandra Gray,2001-11-28,pyauto49@yopmail.com,Matthewsstad,,unpaid
Jeffrey Yates,2003-08-05,pyauto50@yopmail.com,North Bradley,+1-262-465-7356,unpaid
